place_id,place_name,category,city_name,legal_dong_name,region_group,road_address,latitude,longitude,phone,website_url,closed_days,opening_hours,parking,has_admission_fee,admission_fee_detail,has_age_limit,age_limit_detail,nursing_room,stroller_rental,space_type,reservation_url,resident_discount,diaper_changing_table,photo_url,description,review_summary
P001,9.81파크,관광지,제주시,애월읍,애월/한림,제주특별자치도 제주시 애월읍 천덕로 880-24,33.39003694,126.366509,1833-9810,http://www.981park.com,,,무료,TRUE,티켓별로 상이함,FALSE,연령제한 없음,TRUE,FALSE,실내/실외,https://www.981park.com/ticket,FALSE,TRUE,https://upload.wikimedia.org/wikipedia/commons/thumb/a/af/9.81%ED%8C%8C%ED%81%AC_%ED%9A%8C%EC%B0%A8%EB%A1%9C.jpg/960px-9.81%ED%8C%8C%ED%81%AC_%ED%9A%8C%EC%B0%A8%EB%A1%9C.jpg,레이싱 테마파크. 레이싱을 비롯한 여러 가지 실내외 액티비티가 있어요.,
P002,가시리창작지원센터,영화/연극/공연,서귀포시,표선면,성산/표선,제주특별자치도 서귀포시 표선면 중산간동로5220번길 56,33.35275982,126.7654368,070-8807-1305,,,,주차 불가,FALSE,,FALSE,연령제한 없음,FALSE,FALSE,실내,,,,,,
P003,간드락게스트하우스,영화/연극/공연,제주시,아라이동,제주시,제주특별자치도 제주시 간월동로 12,33.48528887,126.5439738,0507-1310-2025,,월요일,10:00~06:00,무료,TRUE,,FALSE,연령제한 없음,FALSE,FALSE,실내,agoda.com/ko-kr/ganderak-guest-house/hotel/jeju-island-kr.html?cid=1844104,FALSE,,https://pix8.agoda.net/hotelImages/1192330/-1/645c4a7861d73d2c9a71eb2ae7f2e84d.jpg?ce=0&s=1024x,,
P004,갓전시관,전시/기념관,제주시,조천읍,구좌/조천,제주특별자치도 제주시 조천읍 남조로 1904,33.43721075,126.6706936,064-782-8778,https://www.visitjeju.net/kr/detail/view?contentsid=CONT_000000000500023,"일요일, 월요일",10:00~17:00,무료,FALSE,,FALSE,연령제한 없음,FALSE,TRUE,실내,,,,https://api.cdn.visitjeju.net/photomng/imgpath/201804/30/ce4df878-9495-4dec-8c2c-87e0ed47f495.webp,"갓을 만드는 작업은 물론, 갓의 원형 등 갓에 관한 모든 것을 보여주는 전시실과 학생들이 직접 체험할 수 있는 체험실, 영상실, 공방 등이 있어요.",
P005,강정마을미술관,전시/기념관,서귀포시,강정동,서귀포시,제주특별자치도 서귀포시 말질로 161,33.23704228,126.480144,0507-1440-0318,http://www.peacemoon0307.com,일요일,"평일 13:00~18:00, 토 13:00~15:00",주차 불가,FALSE,,FALSE,연령제한 없음,FALSE,FALSE,실내/실외,,,,,,
P006,갤러리2중선농원,전시/기념관,제주시,월평동,제주시,제주특별자치도 제주시 영평길 269,33.47816475,126.5702468,064-755-2112,http://www.gallery2.co.kr/,"월요일, 일요일",10:00~17:00,무료,FALSE,,FALSE,연령제한 없음,FALSE,FALSE,실내/실외,,FALSE,FALSE,"https://static-assets.artlogic.net/w_1600,h_1600,c_limit,f_auto,fl_lossy,q_auto/ws-artlogicwebsite1231/usr/exhibitions/images/exhibitions/93/installation-view-2.jpg","제주 월평동에 위치한 복합 문화 공간. 갤러리와 라이브러리, 카페 커피템플로 구성되어 있어요.","제주에서 쉽게 접하기 어려운 작가들의 전시를 관람할 수 있고, 돌담과 귤밭이 있는 야외 정원에서 제주를 만끽할 수 있어요."
P008,건입박물관,전시/기념관,제주시,건입동,제주시,제주특별자치도 제주시 산지로 5-14,33.51598137,126.5308451,,,공휴일 휴관,평일 11:00-20:00 점심시간 14:00-15:00 미운영,무료,FALSE,,FALSE,연령제한 없음,FALSE,FALSE,실내,,FALSE,FALSE,,주민들의 삶이 고스란히 담긴 전시를 관람할 수 있어요.,제주시 원도심을 걷다가 가볍게 둘러보며 시간을 보내기 좋은 박물관이에요.
P010,고내촌(전통장체험),관광지,제주시,애월읍,애월/한림,제주특별자치도 제주시 애월읍 애상로 203-1,33.45278729,126.3419682,,,,,주차 불가,FALSE,,FALSE,연령제한 없음,FALSE,FALSE,실내/실외,,,,,,
P011,고산해안도로,관광지,제주시,한경면,애월/한림,제주특별자치도 제주시 한경면 노을해안로 1032-20,33.30026813,126.1676197,,,,,주차 불가,FALSE,,FALSE,연령제한 없음,FALSE,FALSE,실외,,FALSE,FALSE,,,
P014,구좌읍조개잡이체험어장,관광지,제주시,구좌읍,구좌/조천,제주특별자치도 제주시 구좌읍 동복로3길 23-8,33.55493768,126.7131915,,,,,주차 불가,FALSE,,FALSE,연령제한 없음,FALSE,FALSE,실내/실외,,,,,,
P015,국립제주박물관,전시/기념관,제주시,건입동,제주시,제주특별자치도 제주시 일주동로 17,33.51379671,126.5479096,064-720-8000,https://jeju.museum.go.kr/html/kr/index.html,"월요일, 1월 1일, 명절",09:00~18:00 (입장마감 17:30),무료,FALSE,,FALSE,연령제한 없음,TRUE,TRUE,실내,,FALSE,TRUE,https://search.pstatic.net/common/?src=https%3A%2F%2Fldb-phinf.pstatic.net%2F20230321_77%2F1679358194881cnQu7_JPEG%2F%25C5%25A9%25B1%25E2%25BA%25AF%25C8%25AFDSC09448.JPG,과거와 현대를 연결하는 복합 문화 공간. 상설 전시와 특별 전시를 관람할 수 있어요.,제주공항 근처에 있어 접근성이 좋고 관람료가 무료예요. 어린이 박물관이 별도로 마련되어 있어 아이들과 방문하기 좋아요.
P017,국제평화재단,전시/기념관,서귀포시,중문동,서귀포시,제주특별자치도 서귀포시 중문관광로 227-24,33.24438838,126.4220223,064-735-6500,http://www.ipf.or.kr/,,,무료,TRUE,"성인(20~64세): 1,500원
성인 단체(10인 이상): 1,000원
청소년(8~19세)·군인(하사 이하): 1,000원
청소년·군인 단체(10인 이상): 500원",FALSE,연령제한 없음,FALSE,TRUE,실내,,TRUE,TRUE,https://search.pstatic.net/common/?src=https%3A%2F%2Fldb-phinf.pstatic.net%2F20240528_98%2F1716859575927rFKeW_JPEG%2F%25BC%25BE%25C5%25CD_%25C0%25FC%25B0%25E6_%25C1%25A4%25B8%25E9%2528%25C0%25FA%25C8%25AD%25C1%25FA%2529.jpg,"평화에 관한 홍보와 전시·교육, 체험 학습이 이루어지는 공간. 다양한 시청각 자료와 밀랍 인형 전시를 관람할 수 있어요.",작은 도서관 안에 키즈 존이 마련되어 있어 아이들과 방문하기 좋아요.
P018,그리스신화박물관,전시/기념관,제주시,한림읍,애월/한림,제주특별자치도 제주시 한림읍 광산로 942,33.34808613,126.3575213,064-773-5800,www.greekmythology.co.kr,마지막 월요일,09:00~18:00 (입장마감 17:00),무료,TRUE,"성인: 9,000원
소인·청소년: 8,000원
경로우대자·유공자·장애인: 7,000원
단체: 성인 8,000원, 소인 6,000원",FALSE,연령제한 없음,FALSE,FALSE,실내,,TRUE,FALSE,https://search.pstatic.net/common/?src=https%3A%2F%2Fldb-phinf.pstatic.net%2F20171130_143%2F15120301699346kiTl_JPEG%2Fimage.JPEG,그리스 신화 전시와 트릭 아트 전시를 관람하고 다양한 체험을 할 수 있는 박물관,"추가 요금 결제 시 트릭 아트 전시관 관람과 가면 만들기, 그리스 의상 체험 등이 가능함. 2025년에 보수했으나 시설 관리가 잘되지 않는다는 평가가 많음."
P019,금능석물원,관광지,제주시,한림읍,애월/한림,제주특별자치도 제주시 한림읍 한림로 176,33.38469165,126.2267365,064-796-3360,https://www.ok114.co.kr/0647962174,연중무휴,08:00~17:30,무료,TRUE,"성인: 6,000원
8~19세: 5,000원
7세 이하: 무료
경로우대자·장애인·유공자·제주도민: 5,000원",FALSE,연령제한 없음,FALSE,FALSE,실외,,TRUE,FALSE,https://search.pstatic.net/common/?src=https%3A%2F%2Fldb-phinf.pstatic.net%2F20150831_73%2F1441025162363it8OQ_JPEG%2F116573523252217_0.jpg,돌하르방을 제작하는 석공 명장이 제주의 생활 모습을 돌로 조성한 공원,협재해수욕장 근처에 위치함. 관람객이 적은 편이라 한적하게 관람하고 사진 찍기 좋은 곳.
P022,기당미술관,전시/기념관,서귀포시,서홍동,서귀포시,제주특별자치도 서귀포시 남성중로153번길 15,33.24479723,126.5511934,064-733-1586,https://culture.seogwipo.go.kr/gidang/index.htm,"월요일, 1월 1일, 명절","09:00~18:00, 30분 전 매표 및 입장 마감",무료,TRUE,"25~64세: 1,000원
13~24세: 500원
7~12세: 300원
6세 이하: 무료",FALSE,연령제한 없음,FALSE,TRUE,실내,,TRUE,TRUE,https://culture.seogwipo.go.kr/files/editor/7d116fa5-897d-4a56-80b8-99119794deed.jpg,"회화, 조각, 공예, 판화, 서예 등 다양한 현대 미술 작품을 관람할 수 있는 미술관",입장료가 저렴함. 상설 전시 중인 변시지 화백의 작품과 특별 전시를 관람할 수 있음. 조용히 관람하는 공간이라 어린이 동반 시 주의가 필요함.
P023,김녕미로공원,관광지,제주시,구좌읍,구좌/조천,제주특별자치도 제주시 구좌읍 만장굴길 122,33.53625208,126.7720206,0507-1402-9266,http://www.jejumaze.com/,연중무휴,"09:00~17:50, 입장마감 17:00",무료,TRUE,,FALSE,연령제한 없음,FALSE,TRUE,실내/실외,,,,,,
P026,김만덕기념관,전시/기념관,제주시,건입동,제주시,제주특별자치도 제주시 산지로 7,33.51587498,126.5303913,064-759-6090,http://www.mandukmuseum.or.kr/,"월요일, 1월 1일, 명절",09:00~17:00,무료,FALSE,,FALSE,연령제한 없음,TRUE,TRUE,실내,,,,,,
P027,김영갑갤러리두모악,전시/기념관,서귀포시,성산읍,성산/표선,제주특별자치도 서귀포시 성산읍 삼달로 137,33.37236763,126.8542458,064-784-9907,http://www.dumoak.com/,"수요일, 1월 1일, 명절 당일","[3-6월] 09:30~18:00, [7-8월] 09:30~18:30, [9-10월] 09:30~18:00, [11-2월] 09:30~17:00",무료,TRUE,,FALSE,연령제한 없음,FALSE,FALSE,실내,,,,,,
P028,김택화미술관,전시/기념관,제주시,조천읍,구좌/조천,제주특별자치도 제주시 조천읍 신흥로 1,33.54375747,126.6531786,064-900-9097,https://www.kimtekhwa.com/,목요일,10:00~18:00,주차 불가,TRUE,,FALSE,연령제한 없음,FALSE,FALSE,실내,,,,,,
P029,꿈꾸는고물상,전시/기념관,서귀포시,남원읍,서귀포시,제주특별자치도 서귀포시 남원읍 하례중앙로 108,33.26984281,126.624447,064-739-4690,http://harley108.egloos.com/,,,주차 불가,FALSE,,FALSE,연령제한 없음,FALSE,FALSE,실내,,,,,,
P030,끌로드아트홀,전시/기념관,서귀포시,안덕면,안덕/대정,제주특별자치도 서귀포시 안덕면 신화역사로304번길 139,33.3013855,126.3175252,0507-1309-8919,,,,무료,TRUE,,FALSE,연령제한 없음,FALSE,FALSE,실내,,,,,,
P031,남원큰엉해변,관광지,서귀포시,남원읍,서귀포시,제주특별자치도 서귀포시 남원읍 태위로 522-17,33.27334982,126.703712,,,연중무휴,00:00~24:00,주차 불가,FALSE,,FALSE,연령제한 없음,FALSE,FALSE,실외,,,,,,
P032,너븐숭이4.3기념관,전시/기념관,제주시,조천읍,구좌/조천,제주특별자치도 제주시 조천읍 북촌3길 3,33.54601495,126.6886564,064-783-4303,,"2, 4번째 월요일",09:00~18:00 (17시까지 입장),무료,FALSE,,FALSE,연령제한 없음,TRUE,TRUE,실내,,,,,,
P033,넥슨컴퓨터박물관,전시/기념관,제주시,노형동,제주시,제주특별자치도 제주시 1100로 3198-8,33.47211995,126.4857998,064-745-1994,https://computermuseum.nexon.com/,월요일,10:00~18:00,무료,TRUE,,FALSE,연령제한 없음,FALSE,FALSE,실내,,,,,,
P034,노형수퍼마켓,전시/기념관,제주시,해안동,제주시,제주특별자치도 제주시 노형로 89,33.46494234,126.4551685,064-713-1888,http://nohyung-supermarket.com/,연중무휴,09:30-19:00 (입장마감 18:00),무료,TRUE,,FALSE,연령제한 없음,FALSE,FALSE,실내,,,,,,
P036,농촌체험관,전시/기념관,제주시,애월읍,애월/한림,제주특별자치도 제주시 애월읍 유수암로 12,33.44156431,126.4015502,064-799-2201,http://jejuyusuam.co.kr/pages.php?p=3_1_1_1,,,무료,FALSE,,FALSE,연령제한 없음,FALSE,FALSE,실내/실외,,,,,,
P037,누리커뮤니케이션,전시/기념관,제주시,영평동,제주시,제주특별자치도 제주시 첨단로 213-3,33.45374939,126.5723425,02-2264-0512,http://www.nuri.ne.kr/,주말,09:00~18:30,주차 불가,FALSE,,FALSE,연령제한 없음,FALSE,FALSE,실내,,,,,,
P038,다이나믹메이즈,전시/기념관,서귀포시,표선면,성산/표선,제주특별자치도 서귀포시 표선면 번영로 2644,33.39911148,126.7847058,0507-1326-0912,http://www.dynamicmaze.com/main/main.php#&slider1=2,연중무휴,11:00~18:00,무료,TRUE,,FALSE,연령제한 없음,FALSE,FALSE,실내/실외,,,,,,
P040,대륜동문화의집,영화/연극/공연,서귀포시,법환동,서귀포시,제주특별자치도 서귀포시 일주동로 9185,33.24818748,126.5111843,064-760-4751,http://www.jeju.go.kr/jumin/present/seogwipo/seogwipo14/greet.htm,,,무료,FALSE,,FALSE,연령제한 없음,FALSE,FALSE,실내,,,,,,
P041,대왕화랑,전시/기념관,제주시,오라일동,제주시,제주특별자치도 제주시 공설로5길 14,33.49794791,126.5180864,,,,,주차 불가,FALSE,,FALSE,연령제한 없음,FALSE,FALSE,실내,,,,,,
P042,대유ATV수렵사격랜드,관광지,서귀포시,상예동,서귀포시,제주특별자치도 서귀포시 상예로 381,33.27897819,126.3942299,064-738-0500,,연중무휴,"[11~2월] 09:00~17:30, [3~4월,9~10월] 09:00~18:00, [5~8월] 09:00~18:30",무료,TRUE,,FALSE,연령제한 없음,FALSE,FALSE,실내/실외,,,,,,
P043,대정현역사자료전시관,전시/기념관,서귀포시,대정읍,안덕/대정,제주특별자치도 서귀포시 대정읍 상모대서로 17,33.22517147,126.256266,064-794-0228,,월요일,09:00~17:00,무료,FALSE,,FALSE,연령제한 없음,FALSE,FALSE,실내,,,,,,
P044,대포주상절리대,관광지,서귀포시,중문동,서귀포시,제주특별자치도 서귀포시 이어도로 36-30,33.23799435,126.4260177,,https://www.visitjeju.net/kr,연중무휴,09:00~17:10,무료,TRUE,,FALSE,연령제한 없음,FALSE,FALSE,실외,,,,,,
P045,더마파크,관광지,제주시,한림읍,애월/한림,제주특별자치도 제주시 한림읍 월림7길 155,33.35553875,126.2415048,,,,,무료,TRUE,,FALSE,연령제한 없음,FALSE,FALSE,실내/실외,,,,,,
P046,더마파크공연장,영화/연극/공연,제주시,한림읍,애월/한림,제주특별자치도 제주시 한림읍 월림7길 155,33.35553875,126.2415048,064-795-8080,http://www.mapark.co.kr/,연중무휴,"하절기 10:30~17:40, 동절기 10:30~16:40",무료,TRUE,,FALSE,연령제한 없음,FALSE,FALSE,실내/실외,,,,,,
P048,돈내코유원지,관광지,서귀포시,상효동,서귀포시,제주특별자치도 서귀포시 돈내코로 128-1,33.30140685,126.5835739,064-733-1584,,,,무료,FALSE,,FALSE,연령제한 없음,FALSE,FALSE,실외,,,,,,
P050,돌거북이 수석박물관,전시/기념관,제주시,한경면,애월/한림,제주특별자치도 제주시 한경면 명이2길 66,33.3158707,126.262665,064-772-4567,http://cafe.daum.net/phoenix-turtle,연중무휴,"동절기 09:00~18:00, 하절기 08:00~19:00",무료,TRUE,,FALSE,연령제한 없음,FALSE,FALSE,실내,,,,,,
P051,돌하르방미술관,전시/기념관,제주시,조천읍,구좌/조천,제주특별자치도 제주시 조천읍 북촌서1길 70,33.5388475,126.6888123,064-782-0570,,명절 당일,"[4-10월] 09:00~18:00, [11-3월] 09:00~17:00",무료,TRUE,,FALSE,연령제한 없음,FALSE,FALSE,실내,,,,,,
P052,동부레저동부초콜렛체험장,전시/기념관,서귀포시,표선면,성산/표선,제주특별자치도 서귀포시 표선면 번영로 2454,33.40879317,126.769866,064-787-5220,,,,주차 불가,TRUE,,FALSE,연령제한 없음,FALSE,FALSE,실내/실외,,,,,,
P053,동홍아트홀,영화/연극/공연,서귀포시,동홍동,서귀포시,제주특별자치도 서귀포시 동홍로 104,33.25785315,126.5689194,064-760-4686,,,,무료,FALSE,,FALSE,연령제한 없음,FALSE,FALSE,실내,,,,,,
P055,따라비승마장,관광지,서귀포시,표선면,성산/표선,제주특별자치도 서귀포시 표선면 녹산로 381-17,33.38340474,126.7356945,070-4145-3456,,,,주차 불가,FALSE,,FALSE,연령제한 없음,FALSE,FALSE,실내/실외,,,,,,
P056,랜딩컨벤션센터,전시/기념관,서귀포시,안덕면,안덕/대정,제주특별자치도 서귀포시 안덕면 신화역사로304번길 38,33.30497268,126.316352,064-908-6151,https://www.shinhwaworld.com/,,,무료/유료 주차,TRUE,,FALSE,연령제한 없음,TRUE,FALSE,실내,,,,,,
P057,만덕관,전시/기념관,제주시,건입동,제주시,제주특별자치도 제주시 사라봉길 75,33.51618956,126.5470056,064-722-0614,http://www.mandukmuseum.or.kr/#,"월요일, 1월 1일, 명절",09:00~18:00,주차 불가,FALSE,,FALSE,연령제한 없음,FALSE,FALSE,실내,,,,,,
P058,만장굴,관광지,제주시,구좌읍,구좌/조천,제주특별자치도 제주시 구좌읍 만장굴길 182,33.52837742,126.7716158,064-710-7903,,1번째 수요일,09:00~18:00,무료,TRUE,,FALSE,연령제한 없음,FALSE,FALSE,실외,,,,,,
P059,만장굴홍보관,전시/기념관,제주시,구좌읍,구좌/조천,제주특별자치도 제주시 구좌읍 만장굴길 182,33.52837742,126.7716158,064-710-7903,https://www.visitjeju.net/s/1000000000500182,1번째 수요일,09:00~18:00,무료,TRUE,,FALSE,연령제한 없음,FALSE,FALSE,실외,,,,,,
P060,매직앤어메이징쇼,영화/연극/공연,제주시,조천읍,구좌/조천,제주특별자치도 제주시 조천읍 남조로 2044-42,33.45044128,126.6640002,,,,,무료,TRUE,,FALSE,연령제한 없음,FALSE,FALSE,실내,,,,,,
P061,먹글이있는집,전시/기념관,제주시,한경면,애월/한림,제주특별자치도 제주시 한경면 저지14길 38,33.34063052,126.266344,064-772-5885,,,,주차 불가,FALSE,,FALSE,연령제한 없음,FALSE,FALSE,실내,,,,,,
P062,메이즈랜드,관광지,제주시,구좌읍,구좌/조천,제주특별자치도 제주시 구좌읍 비자림로 2134-47,33.48914716,126.801223,,,,,무료,TRUE,,FALSE,연령제한 없음,FALSE,TRUE,실내/실외,,,,,,
P063,명섬문화원,영화/연극/공연,제주시,애월읍,애월/한림,제주특별자치도 제주시 애월읍 어림비로 376,33.40333434,126.3386393,,,,,주차 불가,TRUE,,FALSE,연령제한 없음,FALSE,FALSE,실내,,,,,,
P065,무민랜드제주,관광지,서귀포시,안덕면,안덕/대정,제주특별자치도 서귀포시 안덕면 병악로 420,33.30651281,126.3817898,064-794-0420,http://www.moominlandjeju.co.kr,연중무휴,10:00~19:00,무료,TRUE,,FALSE,연령제한 없음,TRUE,FALSE,실내/실외,,,,,,
P066,무비랜드왁스뮤지엄,전시/기념관,서귀포시,중문동,서귀포시,제주특별자치도 서귀포시 중문관광로 205,33.2438864,126.4216624,064-739-9063,http://www.movielandwax.com/default/,연중무휴,10:00~19:00,무료,TRUE,,FALSE,연령제한 없음,FALSE,FALSE,실내/실외,,,,,,
P067,문화예술공공수장고,영화/연극/공연,제주시,한경면,애월/한림,제주특별자치도 제주시 한경면 저지12길 84-2,33.33722362,126.2645552,064-710-4156,,월요일,10:00~18:00,무료,TRUE,,FALSE,연령제한 없음,FALSE,FALSE,실내,,,,,,
P069,바이나흐튼크리스마스박물관,전시/기념관,서귀포시,안덕면,안덕/대정,제주특별자치도 서귀포시 안덕면 평화로 654,33.29131174,126.3277989,,http://cafe.naver.com/dagong9,연중무휴,10:30~18:00,무료,TRUE,,FALSE,연령제한 없음,FALSE,FALSE,실내,,,,,,
P070,박물관은살아있다,전시/기념관,서귀포시,색달동,서귀포시,제주특별자치도 서귀포시 중문관광로 42,33.25490055,126.4097703,064-805-0888,http://www.alivemuseum.com/branch/jeju,연중무휴,09:00~19:00,무료,TRUE,,FALSE,연령제한 없음,FALSE,TRUE,실내,,,,,,
P071,방림원,관광지,제주시,한경면,애월/한림,제주특별자치도 제주시 한경면 용금로 864,33.33722842,126.2685129,064-773-0090,,연중무휴,"[3~10월] 09:00~18:00, [11~2월] 09:00~17:00",무료,TRUE,,FALSE,연령제한 없음,FALSE,TRUE,실외,,,,,,
P072,백년초박물관,전시/기념관,서귀포시,호근동,서귀포시,제주특별자치도 서귀포시 태평로 200,33.24467465,126.5438914,064-739-1777,http://www.jeju300.com/,연중무휴,09:00~18:00,무료,TRUE,,FALSE,연령제한 없음,FALSE,FALSE,실내,,,,,,
P073,번개과학체험관,전시/기념관,서귀포시,토평동,서귀포시,제주특별자치도 서귀포시 토평공단로 78-27,33.2895183,126.5888282,064-733-3500,http://www.sklec.com/index.php,연중무휴,"비수기 10:00 ~ 18:30, 성수기(5~9월) 10:00 ~ 19:00",무료,TRUE,,FALSE,연령제한 없음,FALSE,TRUE,실내/실외,,,,,,
P074,별도봉공원,관광지,제주시,화북일동,제주시,제주특별자치도 제주시 사라봉동길 74-17,33.51842279,126.550243,064-728-4643,https://www.visitjeju.net/kr/detail/view?contentsid=CONT_000000000500277,,,주차 불가,FALSE,,FALSE,연령제한 없음,FALSE,FALSE,실외,,,,,,
P076,본태박물관,전시/기념관,서귀포시,안덕면,안덕/대정,제주특별자치도 서귀포시 안덕면 산록남로762번길 69,33.30395481,126.3925683,064-792-8108,bontemuseum.alltheway.kr,연중무휴,10:00~18:00,무료,TRUE,,FALSE,연령제한 없음,FALSE,TRUE,실내,,,,,,
P077,북촌돌하르방공원,관광지,제주시,조천읍,구좌/조천,제주특별자치도 제주시 조천읍 북촌서1길 70,33.5388475,126.6888123,,,,,주차 불가,TRUE,,FALSE,연령제한 없음,FALSE,FALSE,실외,,,,,,
P078,붉은오름자연휴양림,관광지,서귀포시,표선면,성산/표선,제주특별자치도 서귀포시 표선면 남조로 1487-73,33.40142876,126.6756706,064-760-3481,http://healing.seogwipo.go.kr/redforest/redintro.htm,연중무휴,09:00~18:00,유료,TRUE,,FALSE,연령제한 없음,FALSE,TRUE,실외,,,,,,
P079,브릭캠퍼스,전시/기념관,제주시,노형동,제주시,제주특별자치도 제주시 1100로 3045,33.45789818,126.4844724,064-712-1258,http://www.brickcampus.com/,연중무휴,10:00~18:00,무료,TRUE,,FALSE,연령제한 없음,TRUE,FALSE,실내,,,,,,
P080,블루마운틴4255,전시/기념관,서귀포시,성산읍,성산/표선,제주특별자치도 서귀포시 성산읍 중산간동로 4255,33.38008006,126.8373036,070-4261-8354,http://resortbluemountain.com/index.php,,,무료,TRUE,,FALSE,연령제한 없음,FALSE,FALSE,실내,,,,,,
P082,비자림,관광지,제주시,구좌읍,구좌/조천,제주특별자치도 제주시 구좌읍 비자숲길 55,33.4914369,126.811193,064-710-7912,,연중무휴,09:00~18:00,무료,TRUE,,FALSE,연령제한 없음,FALSE,TRUE,실외,,,,,,
P083,빛의벙커,전시/기념관,서귀포시,성산읍,성산/표선,제주특별자치도 서귀포시 성산읍 서성일로1168번길 89-17,33.43987482,126.8992119,1522-2653,https://www.deslumieres.co.kr/bunker,연중무휴,"10:00~19:00 (4~9월, 입장마감 18시) / 10:00~18:00 (10~3월, 입장마감 17시)",무료,TRUE,,FALSE,연령제한 없음,FALSE,TRUE,실내,,,,,,
P085,사라봉공원,관광지,제주시,건입동,제주시,제주특별자치도 제주시 사라봉동길 74,33.51866341,126.5476899,,,,,무료,FALSE,,FALSE,연령제한 없음,FALSE,FALSE,실외,,,,,,
P086,산굼부리,관광지,제주시,조천읍,구좌/조천,제주특별자치도 제주시 조천읍 비자림로 768,33.43487354,126.688504,064-783-9900,http://www.sangumburi.net,연중무휴,"[11~2월] 09:00~17:40, [3~10월] 09:00~18:40",무료,TRUE,,FALSE,연령제한 없음,FALSE,TRUE,실외,,,,,,
P087,산지천갤러리,전시/기념관,제주시,일도일동,제주시,제주특별자치도 제주시 중앙로3길 36,33.51514814,126.528333,064-725-1208,http://www.sjcgallery.kr/index.php,월요일,10:00~18:00,주차 불가,FALSE,,FALSE,연령제한 없음,FALSE,FALSE,실내,,,,,,
P091,상명정낭정보화마을,관광지,제주시,한림읍,애월/한림,제주특별자치도 제주시 한림읍 상한로 4,33.35796251,126.2741152,064-796-1554,http://sangmyung.invil.org/index.html,주말,08:00~17:00,무료,FALSE,,FALSE,연령제한 없음,FALSE,FALSE,실내/실외,,,,,,
P092,상효원,관광지,서귀포시,상효동,서귀포시,제주특별자치도 서귀포시 산록남로 2847-37,33.30721676,126.5860085,064-733-2200,http://www.sanghyowon.com,연중무휴,"[3~9월] 09:00~19:00, [10~2월] 09:00~18:00",무료,TRUE,,FALSE,연령제한 없음,FALSE,TRUE,실외,,,,,,
P093,새별오름,관광지,제주시,애월읍,애월/한림,제주특별자치도 제주시 애월읍 평화로 1529,33.36155908,126.3636535,,,,,주차 불가,FALSE,,FALSE,연령제한 없음,FALSE,FALSE,실외,,,,,,
P095,새별프렌즈,관광지,제주시,애월읍,애월/한림,제주특별자치도 제주시 애월읍 평화로 1529,33.36155908,126.3636535,0507-1474-2832,https://sbfriends.modoo.at,,,무료,TRUE,,FALSE,연령제한 없음,FALSE,FALSE,실외,,,,,,
P096,생각하는정원,관광지,제주시,한경면,애월/한림,제주특별자치도 제주시 한경면 녹차분재로 675,33.32558449,126.2550051,0507-1324-3701,http://www.spiritedgarden.com/,연중무휴,09:00∼18:00,무료,TRUE,,FALSE,연령제한 없음,FALSE,TRUE,실내/실외,,,,,,
P097,서귀포감귤박물관,전시/기념관,서귀포시,신효동,서귀포시,제주특별자치도 서귀포시 효돈순환로 441,33.27159304,126.6074285,064-760-6400,https://culture.seogwipo.go.kr/citrus/index.htm,"1월 1일, 명절",09:00~18:00,무료,TRUE,,FALSE,연령제한 없음,FALSE,TRUE,실내,,,,,,
P099,서귀포농업기술센터 제주농업생태원,전시/기념관,서귀포시,남원읍,서귀포시,제주특별자치도 서귀포시 남원읍 중산간동로 7413,33.28797192,126.6077967,064-760-7811,https://agri.jeju.go.kr/seogwipo/index.htm,,,무료,FALSE,,FALSE,연령제한 없음,FALSE,FALSE,실내,,,,,,
P100,서귀포문화빳데리충전소,영화/연극/공연,서귀포시,서귀동,서귀포시,제주특별자치도 서귀포시 중정로 76,33.24792121,126.5644838,064-738-5855,http://seogwipo.modoo.at/,,,주차 불가,TRUE,,FALSE,연령제한 없음,FALSE,FALSE,실내,,,,,,
P101,서귀포시김정문화회관,영화/연극/공연,서귀포시,강정동,서귀포시,제주특별자치도 서귀포시 김정문화로 36,33.25106853,126.5086639,064-760-3579,https://culture.seogwipo.go.kr/kimjeong/index.htm,,,무료,FALSE,,FALSE,연령제한 없음,FALSE,FALSE,실내,,,,,,
P102,서귀포예술의전당,영화/연극/공연,서귀포시,서홍동,서귀포시,제주특별자치도 서귀포시 태평로 270,33.24633342,126.5507912,064-760-3343,https://culture.seogwipo.go.kr/artcenter/index.htm,"공연, 전시별 상이","공연, 전시별 상이",무료,TRUE,,TRUE,"공연, 전시별 상이",TRUE,FALSE,실내,,,,,,
P103,서귀포자연휴양림,관광지,서귀포시,하원동,서귀포시,제주특별자치도 서귀포시 영실로 226,33.33863244,126.4791729,064-738-4544,seogwipo.go.kr/healing,연중무휴,"09:00~17:00, [숙박시설] 입실 15시, 퇴실 12시",유료,TRUE,,FALSE,연령제한 없음,FALSE,TRUE,실외,,,,,,
P104,서귀포종합문화예술회관,영화/연극/공연,서귀포시,서홍동,서귀포시,제주특별자치도 서귀포시 태평로 270,33.24633342,126.5507912,064-760-3341,http://culture.seogwipo.go.kr/artcenter/,"1월 1일, 명절",09:00~22:00,무료,TRUE,,FALSE,연령제한 없음,TRUE,FALSE,실내,,,,,,
P105,서귀포천문과학문화관,전시/기념관,서귀포시,하원동,서귀포시,제주특별자치도 서귀포시 1100로 506-1,33.28885198,126.4604137,064-739-9701,https://culture.seogwipo.go.kr/astronomy,월요일,14:00~22:00,무료,TRUE,,FALSE,연령제한 없음,FALSE,FALSE,실내,,,,,,
P106,서담미술관,전시/기념관,제주시,한경면,애월/한림,제주특별자치도 제주시 한경면 저지12길 102,33.33739514,126.2668496,064-759-1014,,월요일,10:00~18:00,주차 불가,FALSE,,FALSE,연령제한 없음,FALSE,FALSE,실내,,,,,,
P107,서복전시관,전시/기념관,서귀포시,서귀동,서귀포시,제주특별자치도 서귀포시 칠십리로 156-8,33.24480923,126.5706571,064-760-6361,https://culture.seogwipo.go.kr/seobok/index.htm,연중무휴,09:00~18:00,무료,TRUE,,FALSE,연령제한 없음,FALSE,FALSE,실내,,,,,,
P108,서프라이즈테마파크,관광지,제주시,조천읍,구좌/조천,제주특별자치도 제주시 조천읍 남조로 2243,33.46517952,126.6596,064-783-7272,http://surprisethemepark.com/,연중무휴,09:00~21:00,무료,TRUE,,FALSE,연령제한 없음,FALSE,TRUE,실내/실외,,,,,,
P109,선녀와나무꾼테마공원,관광지,제주시,조천읍,구좌/조천,제주특별자치도 제주시 조천읍 선교로 267,33.47962079,126.702685,,,,,무료,TRUE,,FALSE,연령제한 없음,FALSE,TRUE,실내/실외,,,,,,
P110,선녀와나무꾼테마공원추억의테마공원,관광지,제주시,조천읍,구좌/조천,제주특별자치도 제주시 조천읍 선교로 267,33.47962079,126.702685,,,,,무료,TRUE,,FALSE,연령제한 없음,FALSE,TRUE,실내/실외,,,,,,
P111,설문대여성문화센터,영화/연극/공연,제주시,연동,제주시,제주특별자치도 제주시 선덕로8길 12,33.48439696,126.5003713,064-710-4202,https://www.jeju.go.kr/swcenter/index.htm,"교육, 전시별 상이","09:00~18:00, 교육 및 공연일정으로 변동 있음.",무료,TRUE,,TRUE,"교육, 전시별 상이",FALSE,FALSE,실내,,,,,,
P114,성산포조가비박물관,전시/기념관,서귀포시,성산읍,성산/표선,제주특별자치도 서귀포시 성산읍 시흥하동로 112,33.47759559,126.908296,064-784-8860,http://jogabimuseum.creatorlink.net/,연중무휴,"09:00~18:00, 동절기 17:00",무료,TRUE,,FALSE,연령제한 없음,FALSE,FALSE,실내,,,,,,
P115,성안미술관,전시/기념관,제주시,아라일동,제주시,제주특별자치도 제주시 중앙로 470,33.48110387,126.5416099,0507-1422-9175,http://cafe.daum.net/seongahnart,"월요일, 국경일",10:00~18:00,무료,FALSE,,FALSE,연령제한 없음,FALSE,FALSE,실내,,,,,,
P116,성읍무형문화재전수관,전시/기념관,서귀포시,표선면,성산/표선,제주특별자치도 서귀포시 표선면 성읍정의현로 19,33.38451064,126.8003768,064-710-6793,http://www.jeju.go.kr/seongeup/intro/expert.htm,,,무료,FALSE,,FALSE,연령제한 없음,FALSE,FALSE,실내,,,,,,
P117,세계술박물관,전시/기념관,서귀포시,표선면,성산/표선,제주특별자치도 서귀포시 표선면 한마음초등로 431,33.35397099,126.8175928,064-787-9500,https://worlm.co.kr/,연중무휴,"[6~8월] 09:00~18:30, [7~5월] 09:00~18:00",무료,TRUE,,FALSE,연령제한 없음,FALSE,TRUE,실내,,,,,,
P118,세계자동차&피아노박물관,전시/기념관,서귀포시,안덕면,안덕/대정,제주특별자치도 서귀포시 안덕면 중산간서로 1610,33.28294238,126.3490104,064-792-3000,http://worldautopianomuseum.com/,연중무휴,09:00~18:00,무료,TRUE,,FALSE,연령제한 없음,FALSE,TRUE,실내,,,,,,
P119,세계자연유산센터,전시/기념관,제주시,조천읍,구좌/조천,제주특별자치도 제주시 조천읍 선교로 569-36,33.45691987,126.7147521,064-710-6985,http://www.jeju.go.kr/wnhcenter/index.htm,"첫번째 화요일, 명절",09:00~17:30(매표마감 17:00),무료,TRUE,,FALSE,연령제한 없음,FALSE,TRUE,실내,,,,,,
P120,세계조가비박물관,전시/기념관,서귀포시,서홍동,서귀포시,제주특별자치도 서귀포시 태평로 284,33.24744266,126.5516295,064-762-5551,http://wsmuseum.smart9.net/,연중무휴,09:30~17:00,무료,TRUE,,FALSE,연령제한 없음,FALSE,FALSE,실내,,,,,,
P121,세이레아트센터,영화/연극/공연,제주시,삼도일동,제주시,제주특별자치도 제주시 서광로 182-6,33.4991288,126.5159769,0507-1400-8911,https://sayreart.modoo.at,,,무료,TRUE,,FALSE,연령제한 없음,FALSE,FALSE,실내,,,,,,
P123,소암기념관,전시/기념관,서귀포시,서귀동,서귀포시,제주특별자치도 서귀포시 소암로 15,33.2451236,126.5674212,064-760-3511,https://ssam.seogwipo.go.kr/,"월요일, 1월 1일, 명절",09:00~18:00(입장 마감시간 17:30),무료,FALSE,,FALSE,연령제한 없음,FALSE,TRUE,실내,,,,,,
P124,소인국테마파크,관광지,서귀포시,안덕면,안덕/대정,제주특별자치도 서귀포시 안덕면 중산간서로 1878,33.29064522,126.3221948,064-793-5400,https://soingook.com/,연중무휴,09:00~17:30,무료,TRUE,,FALSE,연령제한 없음,FALSE,TRUE,실내/실외,,,,,,
P125,소인국테마파크전시관,전시/기념관,서귀포시,안덕면,안덕/대정,제주특별자치도 서귀포시 안덕면 중산간서로 1878,33.29064522,126.3221948,064-793-5400,https://soingook.com/,연중무휴,09:00~17:30,무료,TRUE,,FALSE,연령제한 없음,FALSE,TRUE,실내/실외,,,,,,
P126,솔트리감성수목원,관광지,제주시,구좌읍,구좌/조천,제주특별자치도 제주시 구좌읍 번영로 2063,33.43508063,126.7419374,064-784-0989,http://jejusoultree.com/,월요일(우천 시 임시휴장일 경우 있으니 전화확인요망),10:00~18:30,무료,TRUE,,FALSE,연령제한 없음,FALSE,FALSE,실외,,,,,,
P127,쇼월드,영화/연극/공연,제주시,조천읍,구좌/조천,제주특별자치도 제주시 조천읍 남조로 2044-42,33.45044128,126.6640002,064-787-2258,,,,무료,TRUE,,FALSE,연령제한 없음,FALSE,FALSE,실내/실외,,,,,,
P128,수목원테마파크아이스뮤지엄,전시/기념관,제주시,연동,제주시,제주특별자치도 제주시 은수길 69,33.47065125,126.4882169,064-742-3700,http://www.visitjeju.net,연중무휴,"평일 09:00~20:00, 주말 09:00~20:00",무료,TRUE,,FALSE,연령제한 없음,FALSE,TRUE,실내/실외,,,,,,
P132,수풍석뮤지엄,전시/기념관,서귀포시,안덕면,안덕/대정,제주특별자치도 서귀포시 안덕면 산록남로762번길 79,33.30140967,126.3881075,,https://waterwindstonemuseum.co.kr,공휴일,"[6월1일-9월15일] 10:00, 16:00, [9월16일-5월31일] 14:00, 15:30",주차 불가,TRUE,,TRUE,초등학생 이상,FALSE,FALSE,실내,,,,,,
P133,숨도,전시/기념관,서귀포시,호근동,서귀포시,제주특별자치도 서귀포시 일주동로 8941,33.25029067,126.5360068,064-739-5588,http://www.seokbujak.com/,연중무휴,08:00~18:00,무료,TRUE,,FALSE,연령제한 없음,FALSE,FALSE,실내,,,,,,
P135,스마트그리드홍보관,전시/기념관,제주시,구좌읍,구좌/조천,제주특별자치도 제주시 구좌읍 행원로13길 122,33.5571,126.8131197,1899-2100,,,,무료,FALSE,,FALSE,연령제한 없음,FALSE,FALSE,실내,,,,,,
P136,스토리캐슬 EP.1 더 신데렐라,전시/기념관,서귀포시,색달동,서귀포시,제주특별자치도 서귀포시 중문관광로110번길 32,33.25119657,126.4126391,0507-1415-3019,http://www.islandjoy.co.kr/,"화요일, 수요일",10:00~18:00,무료,TRUE,,FALSE,연령제한 없음,FALSE,FALSE,실내,,,,,,
P139,신양섭지해수욕장,관광지,서귀포시,성산읍,성산/표선,제주특별자치도 서귀포시 성산읍 신양로122번길 16,33.43559142,126.9219449,064-760-4282,,연중무휴,00:00~24:00,무료,FALSE,,FALSE,연령제한 없음,FALSE,FALSE,실외,,,,,,
P141,신영영화박물관,전시/기념관,서귀포시,남원읍,서귀포시,제주특별자치도 서귀포시 남원읍 태위로 536,33.27515993,126.7082084,064-764-0002,,,,무료,TRUE,,FALSE,연령제한 없음,FALSE,FALSE,실내,,,,,,
P142,신재생에너지홍보관,전시/기념관,제주시,구좌읍,구좌/조천,제주특별자치도 제주시 구좌읍 해맞이해안로 712-3,33.55931713,126.8186494,0507-1303-7490,http://www.jejuenergy.or.kr/,"월요일, 명절",09:00~18:00,무료,FALSE,,FALSE,연령제한 없음,FALSE,FALSE,실내,,,,,,
P143,신창풍차해안도로,관광지,제주시,한경면,애월/한림,제주특별자치도 제주시 한경면 한경해안로 565,33.34607941,126.1793416,,,,,주차 불가,FALSE,,FALSE,연령제한 없음,FALSE,FALSE,실외,,,,,,
P144,신촌문화의집,영화/연극/공연,제주시,조천읍,구좌/조천,제주특별자치도 제주시 조천읍 신촌서5길 63,33.53459513,126.6146264,,,,,무료,FALSE,,FALSE,연령제한 없음,FALSE,FALSE,실내,,,,,,
P146,아르떼뮤지엄,전시/기념관,제주시,애월읍,애월/한림,제주특별자치도 제주시 애월읍 어림비로 478,33.39669804,126.3449759,1899-5008,https://artemuseum.com/JEJU,연중무휴,10:00~20:00 (입장마감: 19:00),무료,TRUE,,FALSE,연령제한 없음,TRUE,TRUE,실내,,,,,,
P147,아쿠아플라넷,관광지,서귀포시,성산읍,성산/표선,제주특별자치도 서귀포시 성산읍 섭지코지로 95,33.43297686,126.9277955,1833-7001,www.aquaplanet.co.kr/jeju,연중무휴,09:30-19:00,무료/유료 주차,TRUE,,FALSE,연령제한 없음,TRUE,TRUE,실외,,,,,,
P148,아트파우제,전시/기념관,서귀포시,토평동,서귀포시,제주특별자치도 서귀포시 인정오름로86번길 2,33.28720676,126.5783443,02-518-2123,http://www.warema.kr,,,주차 불가,FALSE,,FALSE,연령제한 없음,FALSE,FALSE,실내,,,,,,
P149,아프리카박물관,전시/기념관,서귀포시,대포동,서귀포시,제주특별자치도 서귀포시 이어도로 49,33.23997655,126.4288137,064-738-6565,,연중무휴,10:00~19:00,무료,TRUE,,FALSE,연령제한 없음,FALSE,FALSE,실내,,,,,,
P152,야구인의마을,관광지,서귀포시,색달동,서귀포시,제주특별자치도 서귀포시 색달중앙로252번길 49,33.28118337,126.4150915,064-738-8301,,,,주차 불가,FALSE,,FALSE,연령제한 없음,FALSE,FALSE,실내/실외,,,,,,
P153,어리목,관광지,제주시,해안동,제주시,제주특별자치도 제주시 1100로 2070-61,33.39268683,126.4948405,064-713-9950,http://www.jeju.go.kr/hallasan/index.htm,,,유료,FALSE,,FALSE,연령제한 없음,FALSE,FALSE,실외,,,,,,
P155,에코랜드테마파크,관광지,제주시,조천읍,구좌/조천,제주특별자치도 제주시 조천읍 번영로 1278-169,33.45534851,126.6688528,,,,,무료,TRUE,,FALSE,연령제한 없음,FALSE,TRUE,실내/실외,,,,,,
P156,에코피아테마파크,관광지,제주시,애월읍,애월/한림,제주특별자치도 제주시 애월읍 평화로 2157,33.41314039,126.3927855,,,,,무료,TRUE,,FALSE,연령제한 없음,FALSE,FALSE,실내/실외,,,,,,
P157,여미지식물원,관광지,서귀포시,색달동,서귀포시,제주특별자치도 서귀포시 중문관광로 93,33.25444584,126.4144959,064-735-1100,http://www.yeomiji.or.kr/main/main.jsp,연중무휴,09:00~18:00,무료,TRUE,,FALSE,연령제한 없음,FALSE,TRUE,실외,,,,,,
P158,연갤러리,전시/기념관,제주시,이도이동,제주시,제주특별자치도 제주시 연북로 583,33.48834443,126.5409845,064-757-4477,,,,주차 불가,FALSE,,FALSE,연령제한 없음,FALSE,FALSE,실내,,,,,,
P159,예나르제주공예박물관,전시/기념관,제주시,한경면,애월/한림,제주특별자치도 제주시 한경면 저지14길 36,33.34002436,126.2669212,064-772-4280,http://jejucraftmuseum.com/,"월요일, 1월 1일, 명절",10:00~18:00,무료,TRUE,,FALSE,연령제한 없음,FALSE,FALSE,실내,,,,,,
P160,예술곶산양,전시/기념관,제주시,한경면,애월/한림,제주특별자치도 제주시 한경면 중산간서로 3181,33.29529818,126.2335382,070-8990-8200,http://sanyang.or.kr,"일요일, 월요일, 공휴일, 4/25 재단 개원일",10:00~18:00,무료,TRUE,,FALSE,연령제한 없음,FALSE,FALSE,실내,,,,,,
P162,오로라정원,관광지,제주시,한림읍,애월/한림,제주특별자치도 제주시 한림읍 금능남로 348,33.35940907,126.2485565,,,,,주차 불가,FALSE,,FALSE,연령제한 없음,FALSE,FALSE,실내/실외,,,,,,
P163,오백년이야기,전시/기념관,서귀포시,성산읍,성산/표선,제주특별자치도 서귀포시 성산읍 난고로 336-20,33.4171099,126.8851345,064-782-1233,,,,무료,FALSE,,FALSE,연령제한 없음,FALSE,FALSE,실내,,,,,,
P164,오백장군갤러리,전시/기념관,제주시,조천읍,구좌/조천,제주특별자치도 제주시 조천읍 남조로 2023,33.45136457,126.656711,064-710-7733,https://www.jeju.go.kr/jejustonepark/view/course1/500.htm,"월요일, 1월 1일, 명절 당일",09:00~18:00,무료,TRUE,,FALSE,연령제한 없음,FALSE,TRUE,실내,,,,,,
P165,오설록티뮤지엄,전시/기념관,서귀포시,안덕면,안덕/대정,제주특별자치도 서귀포시 안덕면 신화역사로 15,33.30592403,126.2894922,064-794-5312,https://www.osulloc.com/kr/ko/museum,연중무휴,09:00~19:00,무료,TRUE,,FALSE,연령제한 없음,FALSE,FALSE,실내,,,,,,
P166,오션아레나,영화/연극/공연,서귀포시,성산읍,성산/표선,제주특별자치도 서귀포시 성산읍 섭지코지로 95,33.43297686,126.9277955,1833-7001,https://m.aquaplanet.co.kr/jeju/index.do,연중무휴,09:30~19:00,무료/유료 주차,TRUE,,FALSE,연령제한 없음,TRUE,TRUE,실내,,,,,,
P167,왈종미술관,전시/기념관,서귀포시,동홍동,서귀포시,제주특별자치도 서귀포시 칠십리로214번길 30,33.24530212,126.5736629,064-763-3600,http://walartmuseum.or.kr/,월요일,10:00~18:00,무료,TRUE,,FALSE,연령제한 없음,FALSE,FALSE,실내,,,,,,
P169,용담1동청소년문화의집,영화/연극/공연,제주시,용담일동,제주시,제주특별자치도 제주시 서문로 37-10,33.51162976,126.5150887,064-728-7583,,월요일,09:00~20:00,주차 불가,FALSE,,FALSE,연령제한 없음,FALSE,FALSE,실내,,,,,,
P170,용두암공원용두암,관광지,제주시,용담이동,제주시,제주특별자치도 제주시 서해안로 687-1,33.51584086,126.512071,,https://www.visitjeju.net/kr/detail/view?contentsid=CONT_000000000500469,연중무휴,00:00~24:00,주차 불가,FALSE,,FALSE,연령제한 없음,FALSE,FALSE,실외,,,,,,
P173,용머리하멜상선전시관,전시/기념관,서귀포시,안덕면,안덕/대정,제주특별자치도 서귀포시 안덕면 사계남로216번길 24-30,33.23342738,126.3136956,064-794-2940,,연중무휴,"하절기 08:00~18:00, 동절기 08:00~17:00",주차 불가,TRUE,,FALSE,연령제한 없음,FALSE,FALSE,실내,,,,,,
P178,우녀천,관광지,제주시,이도이동,제주시,제주특별자치도 제주시 청귤로1길 4-1,33.4996669,126.537078,,,,,주차 불가,FALSE,,FALSE,연령제한 없음,FALSE,FALSE,실외,,,,,,
P179,우도박물관,전시/기념관,제주시,우도면,제주시,제주특별자치도 제주시 우도면 우도로 163,33.50797991,126.9537438,,,주말,09:00~18:00,무료,TRUE,,FALSE,연령제한 없음,FALSE,FALSE,실내,,,,,,
P181,우도봉수대,관광지,제주시,우도면,제주시,제주특별자치도 제주시 우도면 우도해안길 602,33.52442071,126.9525466,,,,,주차 불가,FALSE,,FALSE,연령제한 없음,FALSE,FALSE,실외,,,,,,
P182,우도팔경유람선,관광지,서귀포시,성산읍,성산/표선,제주특별자치도 서귀포시 성산읍 성산등용로 130-19,33.47291138,126.9337831,064-784-6161,,"연중무휴(단,호우주의보 경보시 휴항)",,주차 불가,TRUE,,FALSE,연령제한 없음,FALSE,FALSE,실외,,,,,,
P183,웅지승마센터,관광지,제주시,애월읍,애월/한림,제주특별자치도 제주시 애월읍 산록서로 81,33.39092224,126.3797017,064-799-4478,,연중무휴,"체험장 10:00~18:00, 실내승마장 09:00~18:00",무료,TRUE,,FALSE,연령제한 없음,FALSE,FALSE,실내/실외,,,,,,
P185,월정아트센터,전시/기념관,제주시,구좌읍,구좌/조천,제주특별자치도 제주시 구좌읍 해맞이해안로 486,33.55472352,126.798871,0507-1375-9050,,연중무휴,09:00~18:00,무료,FALSE,,FALSE,연령제한 없음,FALSE,FALSE,실내,,,,,,
P186,윈드1947카트테마파크,관광지,서귀포시,토평동,서귀포시,제주특별자치도 서귀포시 토평공단로 78-27,33.2895183,126.5888282,064-733-3500,http://www.wind1947.com,,,무료,TRUE,,TRUE,카트는 36개월 이상 가능,FALSE,FALSE,실내/실외,,,,,,
P188,이기풍선교기념센터,전시/기념관,제주시,조천읍,구좌/조천,제주특별자치도 제주시 조천읍 남조로 2125,33.45647364,126.6598008,064-782-6969,,,,주차 불가,FALSE,,FALSE,연령제한 없음,FALSE,FALSE,실내,,,,,,
P189,이중섭미술관,전시/기념관,서귀포시,서귀동,서귀포시,제주특별자치도 서귀포시 이중섭로 27-3,33.24586163,126.5648746,064-760-3567,https://culture.seogwipo.go.kr/jslee/index.htm,"월요일, 명절",09:30~17:30,무료,TRUE,,FALSE,연령제한 없음,FALSE,FALSE,실내,,,,,,
P190,이중섭전시관,전시/기념관,서귀포시,서귀동,서귀포시,제주특별자치도 서귀포시 이중섭로 27-3,33.24586163,126.5648746,064-760-3567,https://culture.seogwipo.go.kr/jslee/intro/information.htm,"월요일, 1월 1일, 명절",09:00~18:00,무료,TRUE,,FALSE,연령제한 없음,FALSE,FALSE,실내,,,,,,
P192,일도1동문화의집,영화/연극/공연,제주시,일도일동,제주시,제주특별자치도 제주시 성지로 71,33.51166674,126.5307554,064-759-0396,http://www.culturehouse.kr/%ec%a0%84%ea%b5%ad-%eb%ac%b8%ed%99%94%ec%9d%98%ec%a7%91-%ed%98%84%ed%99%a9/,,,무료,FALSE,,FALSE,연령제한 없음,FALSE,FALSE,실내,,,,,,
P193,일출랜드,관광지,서귀포시,성산읍,성산/표선,제주특별자치도 서귀포시 성산읍 중산간동로 4150-30,33.38499937,126.8398599,064-784-2080,http://www.ilchulland.com/,연중무휴,09:00~18:00,무료,TRUE,,FALSE,연령제한 없음,TRUE,TRUE,실내/실외,,,,,,
P194,일출랜드식물원,관광지,서귀포시,성산읍,성산/표선,제주특별자치도 서귀포시 성산읍 중산간동로 4150-30,33.38499937,126.8398599,064-784-2080,,연중무휴,09:00~18:00,무료,TRUE,,FALSE,연령제한 없음,TRUE,TRUE,실내/실외,,,,,,
P196,절물자연휴양림,관광지,제주시,봉개동,제주시,제주특별자치도 제주시 명림로 584,33.44004881,126.6252034,064-728-1510,https://www.foresttrip.go.kr/indvz/main.do?hmpgId=ID02030053,연중무휴,"07:00~18:00, [숙박시설] 입실 15:00, 퇴실 11:00",유료,TRUE,,FALSE,연령제한 없음,FALSE,TRUE,실외,,,,,,
P197,절물자연휴양림녹차밭,관광지,제주시,봉개동,제주시,제주특별자치도 제주시 명림로 584,33.44004881,126.6252034,,,,,유료,TRUE,,FALSE,연령제한 없음,FALSE,TRUE,실외,,,,,,
P198,정석항공관,전시/기념관,서귀포시,표선면,성산/표선,제주특별자치도 서귀포시 표선면 녹산로 554,33.39314707,126.7231666,064-783-9811,,,,무료,FALSE,,FALSE,연령제한 없음,FALSE,FALSE,실외,,,,,,
P199,제이엔씨어터,영화/연극/공연,제주시,일도일동,제주시,제주특별자치도 제주시 중앙로5길 6,33.5152281,126.5253343,,,,,무료/유료 주차,TRUE,,FALSE,연령제한 없음,FALSE,FALSE,실내,,,,,,
P200,제주 스카이워터쇼,영화/연극/공연,제주시,구좌읍,구좌/조천,제주특별자치도 제주시 구좌읍 번영로 2172-80,33.42410501,126.7430498,064-782-7870,http://www.skywatershow.co.kr/,연중무휴,09:30~14:30,무료,TRUE,,FALSE,연령제한 없음,FALSE,FALSE,실내,,,,,,
P201,제주4.3평화공원제주4.3평화기념관,전시/기념관,제주시,봉개동,제주시,제주특별자치도 제주시 명림로 430,33.44982559,126.6177477,064-723-4344,http://jeju43peace.or.kr/,"첫째, 셋째 월요일",09:00~17:30 (입장 마감시간 16:30),무료,FALSE,,FALSE,연령제한 없음,TRUE,TRUE,실외,,,,,,
P202,제주공룡동물농장,전시/기념관,서귀포시,성산읍,성산/표선,제주특별자치도 서귀포시 성산읍 난산로 293,33.40661155,126.8450642,064-784-8338,http://www.restmuseum.kr/,"화요일, 목요일",10:30~17:30,무료,TRUE,,FALSE,연령제한 없음,FALSE,FALSE,실내/실외,,,,,,
P203,제주공룡랜드,관광지,제주시,애월읍,애월/한림,제주특별자치도 제주시 애월읍 광령평화2길 1,33.44277602,126.4323607,,,,,무료,TRUE,,FALSE,연령제한 없음,TRUE,TRUE,실내/실외,,,,,,
P204,제주교래자연휴양림,관광지,제주시,조천읍,구좌/조천,제주특별자치도 제주시 조천읍 남조로 2023,33.45136457,126.656711,064-710-7475,,연중무휴,"07:00~16:00 하절기, 07:00~15:00 동절기, [야영장] 입실 14:00, 퇴실 12:00",무료/유료 주차,TRUE,,FALSE,연령제한 없음,FALSE,FALSE,실외,,,,,,
P205,제주교육박물관,전시/기념관,제주시,이도이동,제주시,제주특별자치도 제주시 오복4길 25,33.49438578,126.5383018,064-720-9114,https://www.jjemuseum.go.kr/,"1월 1일, 명절, 월요일, 임시 공휴일",09:00~18:00,무료,FALSE,,FALSE,연령제한 없음,FALSE,TRUE,실내,,,,,,
P206,제주국제예술센터,전시/기념관,서귀포시,대정읍,안덕/대정,제주특별자치도 서귀포시 대정읍 서삼중로 117,33.27204093,126.1995839,064-792-3387,https://www.visitjeju.net/kr/detail/view?contentsid=CNTS_000000000019003,,,주차 불가,FALSE,,FALSE,연령제한 없음,FALSE,FALSE,실내,,,,,,
P207,제주국제평화센터,전시/기념관,서귀포시,중문동,서귀포시,제주특별자치도 서귀포시 중문관광로 227-24,33.24438838,126.4220223,064-735-6550,https://www.ipcjeju.com/,"둘째 넷째주 월요일, 1월 1일, 명절 전날과 당일","하절기 09:00~18:00, 동절기 09:00~17:00",무료,TRUE,,FALSE,연령제한 없음,FALSE,TRUE,실내,,,,,,
P208,제주기후변화홍보관,전시/기념관,서귀포시,안덕면,안덕/대정,제주특별자치도 서귀포시 안덕면 사계남로216번길 24-34,33.2332903,126.3130527,064-722-9506,,,,주차 불가,FALSE,,FALSE,연령제한 없음,FALSE,FALSE,실내,,,,,,
P209,제주난타,영화/연극/공연,제주시,오등동,제주시,제주특별자치도 제주시 선돌목동길 56-26,33.44582735,126.5479104,064-723-8878,,예약제,10:00~18:30,무료,TRUE,,TRUE,12개월 이상,FALSE,FALSE,실내,,,,,,
P210,제주다원,관광지,서귀포시,색달동,서귀포시,제주특별자치도 서귀포시 산록남로 1258,33.2937132,126.4224688,064-738-4433,,연중무휴,09:00~19:00,무료,TRUE,,FALSE,연령제한 없음,FALSE,FALSE,실외,,,,,,
P211,제주담스튜디오갤러리,전시/기념관,서귀포시,토평동,서귀포시,제주특별자치도 서귀포시 토평로50번길 22,33.26835525,126.5897671,064-904-1354,,,,무료,FALSE,,FALSE,연령제한 없음,FALSE,FALSE,실내/실외,,,,,,
P212,제주도립김창열미술관,전시/기념관,제주시,한림읍,애월/한림,제주특별자치도 제주시 한림읍 용금로 883-5,33.33907132,126.2686717,064-710-4150,http://kimtschang-yeul.jeju.go.kr/,"월요일, 1월 1일, 명절",09:00~18:00,무료,TRUE,,FALSE,연령제한 없음,FALSE,TRUE,실내,,,,,,
P213,제주도립미술관,전시/기념관,제주시,연동,제주시,제주특별자치도 제주시 1100로 2894-78,33.45255002,126.4896861,064-710-4300,https://www.jeju.go.kr/jmoa/index.htm,"월요일, 1월 1일, 명절","09:00~18:00, [7~9월] 09:00~20:00",무료,TRUE,,TRUE,7세 이하는 보호자 동반,TRUE,FALSE,실내,,,,,,
P214,제주도세계지질공원,관광지,제주시,조천읍,구좌/조천,제주특별자치도 제주시 조천읍 선교로 569-36,33.45691987,126.7147521,,,,,주차 불가,FALSE,,FALSE,연령제한 없음,FALSE,FALSE,실외,,,,,,
P215,제주돌문화공원,관광지,제주시,조천읍,구좌/조천,제주특별자치도 제주시 조천읍 남조로 2023,33.45136457,126.656711,064-710-7743,http://www.jeju.go.kr/jejustonepark/index.htm,"월요일, 1월 1일, 명절 당일",09:00~18:00,무료,TRUE,,FALSE,연령제한 없음,FALSE,TRUE,실외,,,,,,
P216,제주돌문화공원제주돌박물관,전시/기념관,제주시,조천읍,구좌/조천,제주특별자치도 제주시 조천읍 남조로 2023,33.45136457,126.656711,064-710-7733,http://www.jeju.go.kr/jejustonepark/index.htm,"월요일, 1월 1일, 명절 당일",09:00~18:00,무료,TRUE,,FALSE,연령제한 없음,FALSE,FALSE,실외,,,,,,
P218,제주드림랜드승마카트클럽,관광지,제주시,애월읍,애월/한림,제주특별자치도 제주시 애월읍 평화로 1529,33.36155908,126.3636535,,,,,무료,TRUE,,FALSE,연령제한 없음,FALSE,FALSE,실내/실외,,,,,,
P219,제주러브랜드,관광지,제주시,연동,제주시,제주특별자치도 제주시 1100로 2894-72,33.45211112,126.488483,064-712-6988,http://www.jejuloveland.com/,연중무휴,09:00~22:00,무료,TRUE,,TRUE,미성년자 출입불가,FALSE,FALSE,실내/실외,,,,,,
P220,제주루나폴,관광지,서귀포시,안덕면,안덕/대정,제주특별자치도 서귀포시 안덕면 일주서로 1836,33.2541298,126.3222874,0507-1326-9680,,,,무료,TRUE,,FALSE,연령제한 없음,FALSE,FALSE,실외,,,,,,
P221,제주문예회관,영화/연극/공연,제주시,일도이동,제주시,제주특별자치도 제주시 동광로 69,33.50444397,126.5351724,064-710-7632,http://www.jeju.go.kr/jejuculture/index.htm,,,무료,FALSE,,FALSE,연령제한 없음,FALSE,FALSE,실내,,,,,,
P222,제주문학관,전시/기념관,제주시,도남동,제주시,제주특별자치도 제주시 연북로 339,33.48135504,126.5178457,064-710-3490,https://jeju.go.kr/liter/index.htm,"월요일, 1월 1일, 명절",09:00~18:00,무료,FALSE,,FALSE,연령제한 없음,TRUE,FALSE,실내,,,,,,
P224,제주민속관광타운,관광지,제주시,일도이동,제주시,제주특별자치도 제주시 신산로 82,33.50548585,126.5347396,064-755-5959,http://www.jejuhondy.com/CS/TourInfo/detail.aspx?cid=145,연중무휴,09:00~18:00,무료,FALSE,,FALSE,연령제한 없음,FALSE,FALSE,실외,,,,,,
P225,제주민속자연사박물관,전시/기념관,제주시,일도이동,제주시,제주특별자치도 제주시 삼성로 40,33.50563037,126.5317241,064-710-7708,http://www.jeju.go.kr/museum/index.htm,"월요일, 1월 1일, 명절 당일과 다음날, 훈증 소독기간(별도 공지)",09:00~18:00,무료,TRUE,,FALSE,연령제한 없음,TRUE,TRUE,실내,,,,,,
P226,제주민속촌,전시/기념관,서귀포시,표선면,성산/표선,제주특별자치도 서귀포시 표선면 민속해안로 631-34,33.32128714,126.8430882,064-787-4501,https://jejufolk.com/index.php,연중무휴,08:30~18:00,무료,TRUE,,FALSE,연령제한 없음,FALSE,TRUE,실내,,,,,,
P227,제주별빛누리공원,전시/기념관,제주시,오등동,제주시,제주특별자치도 제주시 선돌목동길 60,33.44457606,126.5491861,064-728-8900,,"1월 1일, 명절 당일, 월요일(공휴일인 경우 다음평일)","[3-10월] 14:00~22:00, [4~9월] 15:00~23:00",무료,TRUE,,FALSE,연령제한 없음,FALSE,TRUE,실외,,,,,,
P228,제주불빛정원,관광지,제주시,애월읍,애월/한림,제주특별자치도 제주시 애월읍 평화로 2346,33.42259785,126.4089654,,,연중무휴,17:00~24:00,무료,TRUE,,FALSE,연령제한 없음,FALSE,TRUE,실내/실외,,,,,,
P230,제주세계성문화박물관,전시/기념관,서귀포시,법환동,서귀포시,제주특별자치도 서귀포시 월드컵로 33,33.24621937,126.5092753,064-739-0059,,연중무휴,09:00~20:00,무료,TRUE,,TRUE,미성년자 출입불가,FALSE,FALSE,실내,,,,,,
P231,제주스런,영화/연극/공연,제주시,조천읍,구좌/조천,제주특별자치도 제주시 조천읍 대흘9길 35,33.49580806,126.6693833,0507-1357-7999,,"상황에 따라 변동, 유선상으로 확인 요망",10:00~19:00,무료,TRUE,,FALSE,연령제한 없음,FALSE,FALSE,실내,,,,,,
P232,제주시무형문화재전수회관,전시/기념관,제주시,건입동,제주시,제주특별자치도 제주시 사라봉길 75,33.51618956,126.5470056,064-710-6972,,"토요일, 일요일",10:00~12:00,무료,FALSE,,FALSE,연령제한 없음,FALSE,FALSE,실내,,,,,,
P233,제주시민속오일시장,관광지,제주시,도두일동,제주시,제주특별자치도 제주시 오일장서길 26,33.49724701,126.4748884,064-743-5985,https://market.jeju.kr/index.php,시장 열리는 날 외,"08:00 - 18:00 (매월 2, 7, 12, 17, 22, 27일 마다 열리는 5일장)",무료/유료 주차,FALSE,,FALSE,연령제한 없음,TRUE,TRUE,실외,,,,,,
P234,제주시청소년수련관,영화/연극/공연,제주시,건입동,제주시,제주특별자치도 제주시 사라봉동길 21-1,33.5137924,126.5465091,064-728-1511,,"월요일, 1월 1일, 명절","평일 09:00~20:00, 주말, 공휴일 09:00~18:00",무료,FALSE,,FALSE,연령제한 없음,FALSE,FALSE,실내,,,,,,
P235,제주신화월드,관광지,서귀포시,안덕면,안덕/대정,제주특별자치도 서귀포시 안덕면 신화역사로304번길 38,33.30497268,126.316352,1670-8800,https://www.shinhwaworld.com/,,,무료/유료 주차,TRUE,,FALSE,연령제한 없음,TRUE,FALSE,실내/실외,,,,,,
P236,제주아리랑 혼,영화/연극/공연,서귀포시,표선면,성산/표선,제주특별자치도 서귀포시 표선면 번영로 2564-21,33.40269844,126.7786457,064-787-2258,https://jejuhon.modoo.at/,연중무휴,"09:40~14:30(09:40, 11:00, 14:30 매일 3회 공연)",무료,TRUE,,FALSE,연령제한 없음,FALSE,FALSE,실내,,,,,,
P237,제주아트서커스,영화/연극/공연,서귀포시,안덕면,안덕/대정,제주특별자치도 서귀포시 안덕면 동광로 214,33.31438574,126.3448192,064-794-4444,,연중무휴,10:30~17:00,무료,TRUE,,FALSE,연령제한 없음,FALSE,FALSE,실내,,,,,,
P238,제주아트센터,영화/연극/공연,제주시,오라이동,제주시,제주특별자치도 제주시 오남로 231,33.4751044,126.5155186,064-728-1509,https://www.jejusi.go.kr/acenter/index.do,"1월 1일, 명절","공연, 전시별 상이",무료,FALSE,,TRUE,"공연, 전시별 상이",FALSE,FALSE,실내,,,,,,
P239,제주영상문화산업진흥원,영화/연극/공연,제주시,일도이동,제주시,제주특별자치도 제주시 신산로 82,33.50548585,126.5347396,,http://jejuhumanrights.or.kr/,,,무료,FALSE,,FALSE,연령제한 없음,FALSE,FALSE,실내,,,,,,
P240,제주영어교육도시,관광지,서귀포시,대정읍,안덕/대정,제주특별자치도 서귀포시 대정읍 글로벌에듀로145번길 33,33.29683488,126.2916917,064-797-5500,http://www.koedc.com/,,,주차 불가,FALSE,,FALSE,연령제한 없음,FALSE,FALSE,실외,,,,,,
P241,제주옹기박물관,전시/기념관,서귀포시,대정읍,안덕/대정,제주특별자치도 서귀포시 대정읍 중산간서로 2345,33.27531731,126.2819373,064-792-7955,http://jejuonggi.com/,주말,09:00~18:00,주차 불가,TRUE,,FALSE,연령제한 없음,FALSE,FALSE,실내,,,,,,
P242,제주옹기숨미술관,전시/기념관,제주시,해안동,제주시,제주특별자치도 제주시 주르레길 55,33.44938589,126.4805517,064-748-3577,,월요일,10:00~17:00,무료,FALSE,,FALSE,연령제한 없음,FALSE,FALSE,실내,,,,,,
P243,제주월드컵경기장워터월드,관광지,서귀포시,법환동,서귀포시,제주특별자치도 서귀포시 월드컵로 33,33.24621937,126.5092753,064-739-1930,,,,무료,TRUE,,FALSE,연령제한 없음,FALSE,FALSE,실내/실외,,,,,,
P244,제주월드컵경기장SOS박물관,전시/기념관,서귀포시,법환동,서귀포시,제주특별자치도 서귀포시 월드컵로 31,33.24706746,126.5073626,064-739-7707,,화요일,10:00 - 17:00,무료,TRUE,,FALSE,연령제한 없음,FALSE,FALSE,실내/실외,,,,,,
P245,제주유리박물관,전시/기념관,서귀포시,상예동,서귀포시,제주특별자치도 서귀포시 중산간서로 1403,33.27851386,126.3701574,064-792-6262,glassmuseum.fortour.kr,연중무휴,"[동절기 - 10월~4월 10:00~21:00, 체험 : 11:00~18:30, [하절기 - 5월~9월] 10:00~22:00, 체험 : 11:00~19:30",무료,TRUE,,FALSE,연령제한 없음,FALSE,TRUE,실내,,,,,,
P246,제주유리의성,전시/기념관,제주시,한경면,애월/한림,제주특별자치도 제주시 한경면 녹차분재로 470-2,33.31477201,126.2734037,064-772-7777,www.jejuglasscastle.com,연중무휴,09:00~19:00(18:00 까지 매표와 입장을 마감합니다),무료,TRUE,,FALSE,연령제한 없음,FALSE,TRUE,실내,,,,,,
P247,제주유림문화원,영화/연극/공연,제주시,이도일동,제주시,제주특별자치도 제주시 광양2길 35,33.50352655,126.52668,,,,,주차 불가,FALSE,,FALSE,연령제한 없음,FALSE,FALSE,실내,,,,,,
P249,제주조랑말타운,영화/연극/공연,서귀포시,표선면,성산/표선,제주특별자치도 서귀포시 표선면 번영로 2564-21,33.40269844,126.7786457,064-787-2597,,연중무휴,09:00~17:30,무료,TRUE,,FALSE,연령제한 없음,FALSE,FALSE,실내,,,,,,
P250,제주종합경기장택견한민족문화원,영화/연극/공연,제주시,오라일동,제주시,제주특별자치도 제주시 서광로2길 24,33.49506215,126.5187975,064-728-3271,,교육별 상이,교육별 상이,무료,TRUE,,TRUE,교육별 상이,FALSE,FALSE,실내,,,,,,
P251,제주지방자치사료관,전시/기념관,제주시,연동,제주시,제주특별자치도 제주시 문연로 30,33.48936925,126.5005524,064-710-6444,https://www.jeju.go.kr/group/part1/refer.htm?act=view&seq=800164,주말,09:00~18:00,주차 불가,FALSE,,FALSE,연령제한 없음,FALSE,FALSE,실내,,,,,,
P252,제주커피박물관바움,전시/기념관,서귀포시,성산읍,성산/표선,제주특별자치도 서귀포시 성산읍 서성일로1168번길 89-17,33.43987482,126.8992119,064-784-2255,http://jejubaum.com/,연중무휴,09:15~18:15,무료,FALSE,,FALSE,연령제한 없음,FALSE,FALSE,실내,,,,,,
P253,제주코코몽에코파크,관광지,서귀포시,남원읍,서귀포시,제주특별자치도 서귀포시 남원읍 태위로 536,33.27515993,126.7082084,1661-4284,,,,무료,TRUE,,FALSE,연령제한 없음,TRUE,FALSE,실내/실외,,,,,,
P254,제주탐나라공화국,관광지,제주시,한림읍,애월/한림,제주특별자치도 제주시 한림읍 한창로 897,33.33451154,126.3256922,,,,,무료,TRUE,,FALSE,연령제한 없음,FALSE,FALSE,실외,,,,,,
P255,제주통일관,전시/기념관,제주시,일도이동,제주시,제주특별자치도 제주시 삼성로 46,33.50671622,126.5306918,064-751-0191,https://www.visitjeju.net/kr/detail/view?contentsid=CNTS_200000000008047#,"일요일, 명절","[3~10월] 10:00~17:00, [11~2월] 10:00~16:00",무료,FALSE,,FALSE,연령제한 없음,FALSE,FALSE,실내,,,,,,
P256,제주포도갤러리,전시/기념관,서귀포시,안덕면,안덕/대정,제주특별자치도 서귀포시 안덕면 산록남로 863,33.30536047,126.3936854,064-793-7021,,연중무휴,10:00~17:30,주차 불가,TRUE,,FALSE,연령제한 없음,FALSE,FALSE,실내,,,,,,
P257,제주표착기념관,전시/기념관,제주시,한경면,애월/한림,제주특별자치도 제주시 한경면 용수1길 108,33.32286263,126.1677308,064-772-1252,,연중무휴,09:00~18:00,무료,FALSE,,FALSE,연령제한 없음,FALSE,FALSE,실내,,,,,,
P258,제주학생문화원,전시/기념관,제주시,이도이동,제주시,제주특별자치도 제주시 연삼로 489,33.50127161,126.5403631,064-750-1691,https://www.lifelo.or.kr/,,,무료,FALSE,,FALSE,연령제한 없음,FALSE,FALSE,실내,,,,,,
P259,제주한란전시관,전시/기념관,서귀포시,상효동,서귀포시,제주특별자치도 서귀포시 돈내코로67번길 19,33.29638836,126.5905309,064-710-6861,http://www.jeju.go.kr/jejuorchids/index.htm,"수요일, 명절",09:00~18:00,무료,FALSE,,FALSE,연령제한 없음,FALSE,FALSE,실내,,,,,,
P260,제주항공우주박물관,전시/기념관,서귀포시,안덕면,안덕/대정,제주특별자치도 서귀포시 안덕면 녹차분재로 218,33.3042074,126.2996615,064-800-2000,https://www.jdc-jam.com/main.do,세번째 월요일,09:00~18:00,무료,TRUE,,FALSE,연령제한 없음,FALSE,TRUE,실외,,,,,,
P261,제주항일기념관,전시/기념관,제주시,조천읍,구좌/조천,제주특별자치도 제주시 조천읍 신북로 303,33.54102729,126.6407255,064-783-2008,http://www.jeju.go.kr/hangil/index.htm,"1월 1일, 명절",09:00~17:00,무료,FALSE,,FALSE,연령제한 없음,FALSE,FALSE,실외,,,,,,
P262,제주해변공연장,영화/연극/공연,제주시,삼도이동,제주시,제주특별자치도 제주시 중앙로 2,33.51814757,126.5239547,064-728-3453,https://www.jejusi.go.kr/part/culture.do,연중무휴,00:00~24:00,무료,FALSE,,FALSE,연령제한 없음,FALSE,FALSE,실외,,,,,,
P263,제주해양동물박물관,전시/기념관,서귀포시,성산읍,성산/표선,제주특별자치도 서귀포시 성산읍 서성일로 689-21,33.42948623,126.8551274,064-782-3711,http://www.jejumarineanimal.com,수요일,09:00~18:00,무료,TRUE,,FALSE,연령제한 없음,TRUE,FALSE,실내/실외,,,,,,
P264,제주현대미술관,전시/기념관,제주시,한경면,애월/한림,제주특별자치도 제주시 한경면 저지14길 35,33.33969288,126.2656919,064-710-7801,https://www.jeju.go.kr/jejumuseum/index.htm,"월요일, 1월 1일, 명절",10:00~18:00,무료,TRUE,,FALSE,연령제한 없음,FALSE,FALSE,실내,,,,,,
P265,제주현대미술관분관,전시/기념관,제주시,한경면,애월/한림,제주특별자치도 제주시 한경면 저지12길 100,33.33750122,126.2661559,064-710-4154,https://www.jeju.go.kr/jejumuseum/index.htm,"월요일, 1월 1일, 명절",09:20~17:20,주차 불가,TRUE,,FALSE,연령제한 없음,FALSE,FALSE,실내,,,,,,
P266,제주호은아트센터,영화/연극/공연,제주시,월평동,제주시,제주특별자치도 제주시 월평9길 2-19,33.47242437,126.581205,064-753-8996,,공연별 상이,09:00~18:00,무료,TRUE,,TRUE,공연별 상이,FALSE,FALSE,실내,,,,,,
P267,제주화석박물관,전시/기념관,서귀포시,표선면,성산/표선,제주특별자치도 서귀포시 표선면 하천로 11,33.343744,126.8433207,064-787-7831,http://seogwipo.grandculture.net/seogwipo/toc/GC04601514,,,무료,FALSE,,FALSE,연령제한 없음,FALSE,FALSE,실내,,,,,,
P268,조수리농부의아침,전시/기념관,제주시,한경면,애월/한림,제주특별자치도 제주시 한경면 용금로 470,33.33568821,126.2301887,,,,,주차 불가,FALSE,,FALSE,연령제한 없음,FALSE,FALSE,실내,,,,,,
P269,조안베어뮤지엄,전시/기념관,서귀포시,대포동,서귀포시,제주특별자치도 서귀포시 대포로 113,33.24025015,126.4341101,064-739-1024,http://joanneteddybear.com/,일요일,09:00~17:00(마지막 입장은 4시15분까지),무료,TRUE,,FALSE,연령제한 없음,FALSE,FALSE,실내,,,,,,
P273,중문관광단지,관광지,서귀포시,색달동,서귀포시,제주특별자치도 서귀포시 중문관광로 38,33.25489264,126.4137588,064-735-7200,,,,무료/유료 주차,FALSE,,FALSE,연령제한 없음,FALSE,FALSE,실외,,,,,,
P274,중문문화의집,영화/연극/공연,서귀포시,중문동,서귀포시,제주특별자치도 서귀포시 중문로26번길 7,33.25381322,126.4250953,064-738-0069,,,,무료,FALSE,,FALSE,연령제한 없음,FALSE,FALSE,실내,,,,,,
P276,초계미술관,전시/기념관,제주시,애월읍,애월/한림,제주특별자치도 제주시 애월읍 애월해안로 872,33.48719614,126.3903991,064-713-2742,,"월요일, 화요일",10:00~18:00,무료,FALSE,,FALSE,연령제한 없음,FALSE,FALSE,실내,,,,,,
P277,초콜렛랜드,전시/기념관,서귀포시,색달동,서귀포시,제주특별자치도 서귀포시 중문관광로110번길 15,33.25005433,126.4129698,064-738-1197,,화요일,10:00~18:00(입장마감 17:30),무료,TRUE,,FALSE,연령제한 없음,FALSE,FALSE,실내/실외,,,,,,
P278,초콜릿박물관,전시/기념관,서귀포시,대정읍,안덕/대정,제주특별자치도 서귀포시 대정읍 일주서로3000번길 144,33.25705283,126.2299329,064-792-3121,http://chocomuseum.alltheway.kr/,연중무휴,10:30~17:00,무료,TRUE,,FALSE,연령제한 없음,FALSE,TRUE,실내,,,,,,
P279,추사관,전시/기념관,서귀포시,대정읍,안덕/대정,제주특별자치도 서귀포시 대정읍 추사로 44,33.24979614,126.278494,064-710-6801,http://www.jeju.go.kr/chusa/index.htm,"월요일, 1월 1일, 명절",09:00~20:00,무료,FALSE,,FALSE,연령제한 없음,FALSE,FALSE,실내,,,,,,
P280,카멜리아힐,관광지,서귀포시,안덕면,안덕/대정,제주특별자치도 서귀포시 안덕면 병악로 166,33.29014019,126.3683652,064-800-6296,,연중무휴,"[6-8월] 08:30~19:00, [3-5월,9-11월] 08:30~18:30, [12-2월] 08:30~18:00",무료,TRUE,,FALSE,연령제한 없음,TRUE,TRUE,실외,,,,,,
P281,캐니언파크,관광지,제주시,연동,제주시,제주특별자치도 제주시 삼무로 51,33.49023229,126.4923749,064-711-1145,,,,무료/유료 주차,TRUE,,FALSE,연령제한 없음,FALSE,FALSE,실내/실외,,,,,,
P282,캐릭파크,관광지,제주시,조천읍,구좌/조천,제주특별자치도 제주시 조천읍 선교로 266,33.47927741,126.7005329,,,연중무휴,10:00~18:00,무료,TRUE,,FALSE,연령제한 없음,FALSE,FALSE,실내/실외,,,,,,
P283,캐릭파크숲속바이크,관광지,제주시,조천읍,구좌/조천,제주특별자치도 제주시 조천읍 선교로 266-4,33.47894979,126.7006525,,,,,무료,TRUE,,TRUE,초등학생 이상,FALSE,FALSE,실내/실외,,,,,,
P284,캐릭파크제주,전시/기념관,제주시,조천읍,구좌/조천,제주특별자치도 제주시 조천읍 선교로 266,33.47927741,126.7005329,064-784-3500,http://www.characpark.co.kr/,연중무휴,10:00~18:00,무료,TRUE,,FALSE,연령제한 없음,FALSE,FALSE,실내/실외,,,,,,
P285,컬처클럽 이마트,영화/연극/공연,서귀포시,법환동,서귀포시,제주특별자치도 서귀포시 일주동로 9209,33.24833803,126.5091174,064-797-1250,https://www.cultureclub.emart.com/,클래스별 상이,클래스별 상이,무료/유료 주차,TRUE,,TRUE,클래스별 상이,TRUE,TRUE,실내,,,,,,
P287,타이거탱크힐링파크,영화/연극/공연,제주시,애월읍,애월/한림,제주특별자치도 제주시 애월읍 산록서로 18,33.38611719,126.3753564,064-799-9334,,,,무료,TRUE,,FALSE,연령제한 없음,FALSE,FALSE,실내/실외,,,,,,
P288,탑동해변공연장,영화/연극/공연,제주시,삼도이동,제주시,제주특별자치도 제주시 중앙로 2,33.51814757,126.5239547,064-728-3966,https://www.visitjeju.net/kr/detail/view?contentsid=CNTS_000000000020012,연중무휴,00:00~24:00,무료,FALSE,,FALSE,연령제한 없음,FALSE,FALSE,실외,,,,,,
P289,탑승마클럽,관광지,제주시,봉개동,제주시,제주특별자치도 제주시 명림로 278,33.46273011,126.6118198,064-722-9034,,,,무료,TRUE,,FALSE,연령제한 없음,FALSE,FALSE,실내/실외,,,,,,
P290,테디베어뮤지엄,전시/기념관,서귀포시,색달동,서귀포시,제주특별자치도 서귀포시 중문관광로110번길 31,33.25030323,126.4121588,064-738-7600,http://www.teddybearmuseum.com/site/museums/jeju/guide.php,연중무휴,09:00~18:00 (입장마감 17:30),무료,TRUE,,FALSE,연령제한 없음,FALSE,FALSE,실내,,,,,,
P291,테디베어사파리,관광지,제주시,애월읍,애월/한림,제주특별자치도 제주시 애월읍 평화로 2159,33.4122175,126.3935364,,,,,무료,TRUE,,FALSE,연령제한 없음,FALSE,FALSE,실외,,,,,,
P294,트롱프뢰유뮤지엄,전시/기념관,제주시,한림읍,애월/한림,제주특별자치도 제주시 한림읍 광산로 942,33.34808613,126.3575213,064-773-5800,http://www.greekmythology.co.kr/default/index.php,마지막 월요일,09:00~18:00(입장마감 17:00),무료,TRUE,,FALSE,연령제한 없음,FALSE,FALSE,실내,,,,,,
P295,트릭아이미술관,전시/기념관,제주시,한림읍,애월/한림,제주특별자치도 제주시 한림읍 광산로 942,33.34808613,126.3575213,064-773-5800,http://www.greekmythology.co.kr/,연중무휴(천재지변에 의한 휴무일 발생 가능),09:00~18:00,무료,TRUE,,FALSE,연령제한 없음,FALSE,FALSE,실내,,,,,,
P296,판타스틱공연장,전시/기념관,제주시,애월읍,애월/한림,제주특별자치도 제주시 애월읍 평화로 2715,33.44748023,126.4343028,02-3143-5959,,,,무료,TRUE,,FALSE,연령제한 없음,FALSE,FALSE,실내,,,,,,
P297,퍼시픽리솜,관광지,서귀포시,색달동,서귀포시,제주특별자치도 서귀포시 중문관광로 154-17,33.24504035,126.4155992,1544-2988,,,,주차 불가,TRUE,,FALSE,연령제한 없음,FALSE,FALSE,실외,,,,,,
P298,페인터즈히어로,영화/연극/공연,제주시,애월읍,애월/한림,제주특별자치도 제주시 애월읍 평화로 2715,33.44748023,126.4343028,,,,,무료,TRUE,,FALSE,연령제한 없음,FALSE,FALSE,실내,,,,,,
P300,포도뮤지엄,전시/기념관,서귀포시,안덕면,안덕/대정,제주특별자치도 서귀포시 안덕면 산록남로 788,33.31926789,126.3859705,064-794-5115,https://www.podomuseum.com/,화요일,10:00~18:00,무료,TRUE,,FALSE,연령제한 없음,FALSE,FALSE,실내,,,,,,
P302,피규어뮤지엄제주,전시/기념관,서귀포시,안덕면,안덕/대정,제주특별자치도 서귀포시 안덕면 한창로 243,33.28190379,126.3553569,064-792-2244,http://www.figurejeju.com/about,연중무휴,10:00~18:00,무료,TRUE,,FALSE,연령제한 없음,TRUE,TRUE,실내,,,,,,
P310,한국마사회 제주목장,관광지,제주시,조천읍,구좌/조천,제주특별자치도 제주시 조천읍 남조로 1660,33.41894436,126.6811609,064-780-0131,https://www.horsepia.com/hp/pa/main.do,월요일,경기별 상이,무료,FALSE,,FALSE,연령제한 없음,FALSE,FALSE,실내/실외,,,,,,
P312,한국야구명예전당,전시/기념관,서귀포시,강정동,서귀포시,제주특별자치도 서귀포시 중산간서로 97-1,33.26053675,126.4984486,064-760-6411,https://www.visitjeju.net/kr/detail/view?contentsid=CNTS_000000000020127,월요일,09:00~18:00,무료,TRUE,,FALSE,연령제한 없음,FALSE,FALSE,실내,,,,,,
P313,한남시험림,관광지,서귀포시,남원읍,서귀포시,제주특별자치도 서귀포시 남원읍 서성로651번길 235,33.33620112,126.647027,070-4253-1100,https://www.foresttrip.go.kr/indvz/main.do?hmpgId=ID05030007,"월요일, 화요일",09:00~17:00,무료,TRUE,,FALSE,연령제한 없음,FALSE,FALSE,실외,,,,,,
P315,한라마을작은도서관,전시/기념관,제주시,삼양삼동,제주시,제주특별자치도 제주시 일주동로 293-1,33.52220056,126.5764376,064-722-0567,,,,무료,FALSE,,FALSE,연령제한 없음,FALSE,FALSE,실내/실외,,,,,,
P316,한라산국립공원산악박물관,전시/기념관,제주시,오등동,제주시,제주특별자치도 제주시 산록북로 588,33.42161341,126.5497576,064-710-4632,http://www.jeju.go.kr/hallasan/museum/info.htm,"월요일, 명절",09:00~16:00(점심시간 12:00~13:00),무료,FALSE,,FALSE,연령제한 없음,FALSE,FALSE,실외,,,,,,
P317,한라산철쭉제,관광지,제주시,해안동,제주시,제주특별자치도 제주시 1100로 2070-61,33.39268683,126.4948405,064-713-9950,,,,무료,FALSE,,FALSE,연령제한 없음,FALSE,FALSE,실외,,,,,,
P318,한라생태체험학교,관광지,제주시,애월읍,애월/한림,제주특별자치도 제주시 애월읍 녹고메길 165,33.40595023,126.407969,064-799-2017,,,,주차 불가,FALSE,,FALSE,연령제한 없음,FALSE,FALSE,실내/실외,,,,,,
P319,한라수목원,관광지,제주시,연동,제주시,제주특별자치도 제주시 수목원길 72,33.46958675,126.493244,,,,,유료,FALSE,,FALSE,연령제한 없음,FALSE,TRUE,실외,,,,,,
P320,한라아트홀대극장,영화/연극/공연,제주시,노형동,제주시,제주특별자치도 제주시 한라대학로 38,33.47678976,126.4741519,064-741-7575,https://www.chu.ac.kr/organization/02organization/sub02/sub02.php,,,무료,TRUE,,FALSE,연령제한 없음,FALSE,FALSE,실내,,,,,,
P321,한림공원,관광지,제주시,한림읍,애월/한림,제주특별자치도 제주시 한림읍 한림로 300,33.39022486,126.2396912,064-796-0001,http://www.hallimpark.com/,연중무휴,"[3-10월,9-10월] 09:00~17:20, [6-8월] 09:00~17:50, [11-2월] 09:00~16:30",무료,TRUE,,FALSE,연령제한 없음,FALSE,TRUE,실외,,,,,,
P322,한울랜드,전시/기념관,제주시,구좌읍,구좌/조천,제주특별자치도 제주시 구좌읍 동백로 458,33.49712422,126.7504543,064-783-5788,,연중무휴,08:30~18:00,무료,TRUE,,FALSE,연령제한 없음,FALSE,FALSE,실내/실외,,,,,,
P325,항파두리항몽유적지,전시/기념관,제주시,애월읍,애월/한림,제주특별자치도 제주시 애월읍 항파두리로 50,33.45177047,126.4074349,064-710-6721,http://www.jeju.go.kr/hangpadori/index.htm,연중무휴,09:00~18:00,무료,FALSE,,FALSE,연령제한 없음,FALSE,TRUE,실외,,,,,,
P326,해녀박물관,전시/기념관,제주시,구좌읍,구좌/조천,제주특별자치도 제주시 구좌읍 해녀박물관길 26,33.52360988,126.8634256,064-782-9898,www.jeju.go.kr/haenyeo,월요일,09:00~18:00,무료,TRUE,,FALSE,연령제한 없음,TRUE,TRUE,실내,,,,,,
P327,해안동문화의집,영화/연극/공연,제주시,해안동,제주시,제주특별자치도 제주시 해안마을7길 1-1,33.45550598,126.4550021,064-728-4867,http://www.culturehouse.kr/%ec%a0%84%ea%b5%ad-%eb%ac%b8%ed%99%94%ec%9d%98%ec%a7%91-%ed%98%84%ed%99%a9/,,,주차 불가,FALSE,,FALSE,연령제한 없음,FALSE,FALSE,실내,,,,,,
P329,헌마공신김만일기념관,전시/기념관,서귀포시,남원읍,서귀포시,제주특별자치도 서귀포시 남원읍 서성로 919,33.33614718,126.690786,064-805-9801,http://kimmanil.com,"월요일, 1월 1일, 명절",09:00~18:00 (입장마강 17:40),무료,FALSE,,FALSE,연령제한 없음,TRUE,FALSE,실내,,,,,,
P330,헬로키티아일랜드,전시/기념관,서귀포시,안덕면,안덕/대정,제주특별자치도 서귀포시 안덕면 한창로 340,33.29009955,126.3520811,064-792-6114,http://www.hellokittyisland.co.kr/,연중무휴,09:00~18:00,무료,TRUE,,FALSE,연령제한 없음,TRUE,FALSE,실내/실외,,,,,,
P331,현포토갤러리,전시/기념관,제주시,애월읍,애월/한림,제주특별자치도 제주시 애월읍 유수암서길 17,33.42899868,126.3949505,,,,,주차 불가,FALSE,,FALSE,연령제한 없음,FALSE,FALSE,실내,,,,,,
P334,혼인지,관광지,서귀포시,성산읍,성산/표선,제주특별자치도 서귀포시 성산읍 혼인지로 39-42,33.4151524,126.893864,064-710-6798,,연중무휴,08:00~17:00,무료,FALSE,,FALSE,연령제한 없음,FALSE,FALSE,실외,,,,,,
P336,화조원,관광지,제주시,애월읍,애월/한림,제주특별자치도 제주시 애월읍 애원로 804,33.41130805,126.3720053,,,,,무료,TRUE,,FALSE,연령제한 없음,FALSE,FALSE,실외,,,,,,
P338,회천관광타운,관광지,제주시,회천동,제주시,제주특별자치도 제주시 번영로 940,33.47441968,126.6360203,,,,,주차 불가,FALSE,,FALSE,연령제한 없음,FALSE,FALSE,실외,,,,,,
P340,훈데르트바서파크,관광지,제주시,우도면,제주시,제주특별자치도 제주시 우도면 우도해안길 32-12,33.49315827,126.955738,064-766-6000,,,,무료,TRUE,,FALSE,연령제한 없음,TRUE,FALSE,실내/실외,,,,,,
P341,휘닉스 제주 섭지코지,관광지,서귀포시,성산읍,성산/표선,제주특별자치도 서귀포시 성산읍 섭지코지로 107,33.42604238,126.9264427,02-1577-0069,https://phoenixhnr.co.kr/page,연중무휴,"입실 14:00, 퇴실 11:00",무료/유료 주차,TRUE,,FALSE,연령제한 없음,FALSE,FALSE,실외,,,,,,
P343,휘닉스제주섭지코지유민미술관,전시/기념관,서귀포시,성산읍,성산/표선,제주특별자치도 서귀포시 성산읍 섭지코지로 107,33.42604238,126.9264427,064-731-7791,https://phoenixhnr.co.kr/static/jeju/architecture/yuminart,화요일(국경일 및 명절 연휴는 정상운영),09:00~18:00,주차 불가,TRUE,,FALSE,연령제한 없음,FALSE,FALSE,실내/실외,,,,,,
P344,AKOE공방,영화/연극/공연,제주시,이도이동,제주시,제주특별자치도 제주시 신설로11길 53,33.49427141,126.5479238,064-727-5878,,일요일,11:30~19:00,주차 불가,TRUE,,FALSE,연령제한 없음,FALSE,FALSE,실내,,,,,,
P345,BEIN,영화/연극/공연,제주시,일도이동,제주시,제주특별자치도 제주시 신산로 82,33.50548585,126.5347396,064-735-0638,https://www.be-in.kr/,공연 일정에 따라 상이,10:00~22:00,무료,TRUE,,FALSE,연령제한 없음,FALSE,FALSE,실내,,,,,,
P346,ICC제주국제컨벤션센터,전시/기념관,서귀포시,중문동,서귀포시,제주특별자치도 서귀포시 중문관광로 224,33.24128964,126.4244429,064-735-1000,http://www.iccjeju.co.kr/,,,무료/유료 주차,TRUE,,FALSE,연령제한 없음,TRUE,TRUE,실내,,,,,,
P347,TANK공연장,영화/연극/공연,제주시,일도이동,제주시,제주특별자치도 제주시 태성로 23,33.50136891,126.5491788,0507-1334-0908,http://www.tanksound.com/,연중무휴,00:00~24:00,주차 불가,TRUE,,FALSE,연령제한 없음,FALSE,FALSE,실내,,,,,,
